id,comentario,etiqueta
134,Muy buena oportunidad de trabajo,lo mejor
135,El talento humano y la oportunidad de crecimiento y formación,lo mejor
136,Calidad humana,lo mejor
137,Buen promedio salarial,lo mejor
138,Podría incentivar más a sus colaboradores,lo mejor
139,Calidad en los procesos y compromiso con cliente interno y externo.,lo mejor
140,calidez humana de todos los compañeros,lo mejor
141,Oportunidad de aprendizaje,lo mejor
142,"Cambio de administradores mas seguido, se relajan mucho y no quieren ayudar al operario.",lo mejor
143,Planchero,lo mejor
144,Horarios,lo mejor
145,"Puntualidad en todo el tema legal de prestaciones de ley, y al momento de cancelar la quincena",lo mejor
147,"Su trazabilidad encuestion a los anfitriones, la calidad humana",lo mejor
148,El sentir por su peesonal,lo mejor
149,se trabaja bueno,lo mejor
150,EL trato del personal y el cumplimiento de pago,lo mejor
151,"El ambiente laboral, la formación y capacitación.",lo mejor
152,El buen ambiente laboral,lo mejor
153,LA CALIDEZ HUMANA,lo mejor
154,En cuanto al talento humano se diferencian por estar atentos de sus colaboradores y están pendientes,lo mejor
155,La honestidad y la responsabilidad con el personal y los servicios que prestan,lo mejor
156,seguro medico y beneficios para el trabajador,lo mejor
157,"Equipo, adaptabilidad",lo mejor
158,Lo humanos que son y como lo apoyan a uno,lo mejor
159,Crecimiento personal crecimiento financiero,lo mejor
160,prestaciones de ley,lo mejor
161,en la empresa daria dia a dia todo de mi para que cada dia la empresa cresca y se venda bastante,lo mejor
162,Pagos Cumplidos,lo mejor
163,"Colaboradores, cumplimiento y buen trato",lo mejor
164,El talento humano que lo compone.,lo mejor
165,Muy buenos ingresos,lo mejor
166,Beneficios a sus trabajadores,lo mejor
167,El talento humano que lo atesora,lo mejor
168,Excelente equipo de trabajo,lo mejor
169,Remuneración,lo mejor
170,Programas de formación e incentivos para sus colaboradores,lo mejor
171,"Muy estable, muy exitosa",lo mejor
172,Ambiente laboral,lo mejor
173,Salarios altos en comisiones a sus asesores,lo mejor
174,Muy puntual con el pago .,lo mejor
175,que es una empresa familiarmente responsable y dan beneficios a las personas para su tiempo libre,lo mejor
176,oportunidad de crecimiento y ambiente laboral,lo mejor
177,"La atención que tienen para el empleado, y el respeto de los derechos humanos.",lo mejor
178,Incentivos,lo mejor
179,"Es una multinacional, cumplida en pagos",lo mejor
180,El cumplimiento y buen pago del salario,lo mejor
181,Los pagos muy puntuales,lo mejor
182,el area de bienestar y desarrollo,lo mejor
183,Que ase los trabajos muy bien,lo mejor
184,calidad humana,lo mejor
185,Humanidad,lo mejor
186,Salario,lo mejor
187,Q es unq exelente empresa q se preocupa por el vienestar de sus trabajadores,lo mejor
188,Buenas presatciones,lo mejor
189,Ambiente laboral y beneficios para el empleado,lo mejor
190,La gestión humana,lo mejor
191,LA INCLUSIÓN DE LAS PERSONAS,lo mejor
192,"la confianza y la seguridad que se brinda al colaborador, y la atención con uno.",lo mejor
193,Talento humano,lo mejor
194,Si buena capacitacion,lo mejor
195,Todo es bueno,lo mejor
196,El valor que le dan al talento humano,lo mejor
197,Ambiente laboral y trabajo equipo,lo mejor
198,La amabilidad y lo acogedor que es estar en la empresa,lo mejor
199,el talento humano que labora en servicio,lo mejor
200,La flexibilidad que brindan a sus trabajadores con los horarios para estudiar.,lo mejor
201,"Buen ambiente laboral,cultura organizacional,compromiso.",lo mejor
202,El sentido humano de todos los lideres,lo mejor
203,Talento humano y tiempo de calidad,lo mejor
204,"la estabilidad, el cumplimiento y seriedad en los pagos de sueldos, premios y comisiones.",lo mejor
205,Los beneficios para los colaboradores,lo mejor
206,Estabilidad laboral,lo mejor
207,Bienestar del personal,lo mejor
208,valoran a sus trabajadores,lo mejor
209,Su compañerismo y de la calidad de sus empaques gracias a la calidad de empleados.,lo mejor
210,Su buen personal administrativo y su área de seguridad laboral .,lo mejor
211,la calidad de personas y el ambiente laboral que hace una forma de trabajo mas comoda,lo mejor
212,Las personas que trabajan.,lo mejor
213,Calidad humana,lo mejor
214,presta buen servicio a los clientes,lo mejor
215,Se preocupa por los empleados y es muy puntual en los pagos.,lo mejor
216,Puntualidad y enseñanza,lo mejor
217,Una empresa con un ámbito muy grande en generar empleo .,lo mejor
218,Los jefes son personas muy cordiales que saben dirigir un equipo de la mejor forma,lo mejor
219,Son puntuales en todo lo que tiene que ver con pagos cesantias,lo mejor
220,El buen ambiente laboral,lo mejor
221,Estabilidad laboral,lo mejor
222,su talento humano es admirable.,lo mejor
223,"Su ambiente laboral, compañerismo, calidad de atención al usuario.",lo mejor
224,Talento humano,lo mejor
225,que es super buena,lo mejor
226,Mensajeria,lo mejor
227,Su gente,lo mejor
228,trabajo en grupo,lo mejor
229,El sentido de pertenencia y la gentileza con quienes están conociendo la organización,lo mejor
230,Su ambiente laboral,lo mejor
231,La calidad del ambiente laboral,lo mejor
232,"La estabilidad,la humanidad",lo mejor
233,"Acompañamiento constante, oportunidades de aprendizaje.",lo mejor
234,Que es una excelente empresa con muchas oportunidades de crecer y poder obtener muchos logros.,lo mejor
235,Buen acompañamiento personal y laboral,lo mejor
236,Brindan la oportunidad de crecer en cuanto Alo laboral,lo mejor
237,El buen cuidado al trabajador,lo mejor
238,Su humanidad y humildad de los jefes.,lo mejor
239,calidad humana,lo mejor
240,Salario,lo mejor
241,Hacer siempre bien mi trabajo,lo mejor
242,La excelente calidad humana de los jefes y compañeros,lo mejor
243,La calidad,lo mejor
244,Las posibilidades de mejorar en puesto y estabilidad,lo mejor
245,cumplimiento y beneficios,lo mejor
246,"Respeto,capacitaciones efectivas del producto,trabajo en equipo.",lo mejor
247,"Los pagos cumplidos,pagan todo lo de ley.",lo mejor
248,El talento humano que atesora dia a dia,lo mejor
249,excelentes comisiones,lo mejor
250,el grupo de trabajo,lo mejor
251,"ambiente laboral, salario emocional",lo mejor
252,interes por el bienestar de sus colaboradores,lo mejor
253,Las comisiones,lo mejor
254,agilidad en los desembolsos y politixas financieras.,lo mejor
255,La presentación de los empleados,lo mejor
256,La valoración del trabajador y las oportunidades brindadas,lo mejor
257,Agilidad y emprendimiento,lo mejor
258,Auxiliar,lo mejor
259,Mi rendimiento,lo mejor
260,RECONOCIMIENTO PRETIGIO,lo mejor
262,El talento humano es un área de mucho compromiso hacia los empleados.,lo mejor
263,El talento de todos y el respeto,lo mejor
264,Empresa muy comprometida con sus clientes,lo mejor
265,seguro para los empleados,lo mejor
266,oportunidades de crecimiento laboral,lo mejor
267,ambiente laboral y plan carrera,lo mejor
268,Ambiente de trabajo,lo mejor
269,Formación y capacitación.,lo mejor
270,Capacitación constante,lo mejor
271,Se empeñan en el buen desempeño de los empleados,lo mejor
272,Nos da la oportunidad de adquirir experiencia en diferentes áreas.,lo mejor
273,Velan por el. Futuro de sus empleados,lo mejor
274,Principal Banco que se dedica al financiamiento del sector agropecuario con tasas subsidiadas,lo mejor
275,Excelente empresa,lo mejor
276,Está en todos los municipios y departamentos de Colombia,lo mejor
277,El salario.,lo mejor
278,"1.El talento humano,",lo mejor
279,cumplimiento,lo mejor
280,Una de las mejores eps del pais con mas de 30 años en el sector salud.,lo mejor
281,El ambiente laboral es muy bueno,lo mejor
282,Responsabilidad social para quien hacemos lo que hacemos.,lo mejor
283,"Bienestar social, intelectual, innovación cultural, la diversidad de áreas para una misma meta.",lo mejor
284,Responsabilidad,lo mejor
285,Excelente empresa,lo mejor
286,Beneficios subsidiados,lo mejor
287,Es una empresa destacada por su enfoque en la innovación,lo mejor
288,es una buena empresa,lo mejor
289,Los ambientes laborales,lo mejor
290,Su prestación para el bienestar del personal.,lo mejor
291,Sueldo,lo mejor
292,PLAN CARRERA,lo mejor
293,El reconocimiento a la excelencia de sus colaboradores e hijos mediante ayudas educativas económicas,lo mejor
294,El pago,lo mejor
295,Excelente trabajo en equipo,lo mejor
296,casade limpieza,lo mejor
297,La calidad y fuerza de sus marcas.,lo mejor
298,Su interes por la calidad de vida de sus trabajadores,lo mejor
299,"Líderes muy humanos, excelentes beneficios extra legales",lo mejor
300,Mejor a los empleados,lo mejor
301,"La sensibilización, la comunicación y el lenguaje posibilista",lo mejor
302,Destacaría principalmente el compañerismo de cada área correspondiente,lo mejor
303,los ideales y el cumplimiento con las remuneraciones de sus empleados,lo mejor
304,Su talento humano,lo mejor
305,"El talento humano, y la calidad de personas",lo mejor
306,El ambiente laboral y la calidad humana.,lo mejor
307,El respeto y el ambiente laboral.,lo mejor
308,Buena empresa,lo mejor
309,Muchos beneficios,lo mejor
310,Puntuales con el pago,lo mejor
311,Es una empresa que da estabilidad laboral,lo mejor
312,Trabajo en equipo,lo mejor
313,Oportunidades y acompañamiento al colaborador.,lo mejor
314,El conocimiento y experiencia del personal.,lo mejor
315,El valor que le dan al recurso humano.,lo mejor
316,es bueno,lo mejor
317,Ambiente laboral,lo mejor
318,Beneficios economicos a los trabajadores,lo mejor
319,El valor que da a sus empleados,lo mejor
320,seguro medico privado,lo mejor
321,"El compañerismo, el buen trabajo en equipo, sentido de pertenencia, pasión por lo que se hace.",lo mejor
322,"Excelente gestión humana, puntualidad con los pagos, excelentes beneficios.",lo mejor
323,Son muy ordenados y piensan en ser vaguardistas,lo mejor
324,Excelente calidad al empleador,lo mejor
325,"buen salario y buen grupo de tranbajo, tambien mucha oportunidad de crecer laboralmente.",lo mejor
326,Que es hibrido y te permite compartir con tu familia mantras trabajas desde casa,lo mejor
327,Todo,lo mejor
328,Los beneficios y el ambiente laboral.,lo mejor
329,Retribución económica excelente,lo mejor
330,Primas extra legales y auxilios educativos,lo mejor
331,Salario,lo mejor
332,La puntualidad en su nómina,lo mejor
333,Estabilidad laboral,lo mejor
334,"La empresa piensa mucho en su personal y es muy hogareña, resalto que es una excelente empresa.",lo mejor
335,Asesoramiento comercial,lo mejor
336,Es una empresa que da mucha oportunidad laboral. Es muy puntal oportunidades de crecer tan personal,lo mejor
337,"El sistema,ya que frecuentemente presentan inconvenientes,y produce descuadres",lo mejor
338,empresa solida con oportunidades de superación laboral,lo mejor
339,Exelente servicio,lo mejor
340,El talento humano,lo mejor
341,Buen abiente,lo mejor
342,Su calidad,lo mejor
343,Seguro médico,lo mejor
344,"empacador , surtidor , etiquetador , estibador , atencion , vendedor",lo mejor
345,k te permiten aprender,lo mejor
346,Privado,lo mejor
347,beneficios a los empleados,lo mejor
348,El buen servicio,lo mejor
349,Variación de meta y otras,lo mejor
350,"buen ambiente de trabajo, oprtunidad de aprendizaje",lo mejor
351,El gran aprendizaje que permite desempeñarse en este lugar. La oportunidad de vocación.,lo mejor
352,Puntualidad en los pagos,lo mejor
353,Reconocimiento,lo mejor
354,"Horarios de salida de trabajo, para poder estudiar",lo mejor
355,el espacio,lo mejor
356,"Las personas, lo que hace esta lleno de propósito",lo mejor
357,El lado humano,lo mejor
358,Profesionalismo,lo mejor
359,"Talento Humano, proyeccion, aprendizaje y apoyo a los empleados",lo mejor
360,Las oportunidades y el talento humano,lo mejor
361,Su excelente equipo humano y profesional.,lo mejor
362,Las personas son muy humanas muy empaticas,lo mejor
363,Buen ambiente laboral,lo mejor
364,Tiene muy buenos resultados en ventas,lo mejor
365,Recurso humano y los valores,lo mejor
366,Beneficios para sus colaboradores,lo mejor
367,Muy buen trabajo,lo mejor
368,Ambiente de trabajo excelente,lo mejor
369,Trato a la gente calidad humana,lo mejor
370,Beneficios para los empleados,lo mejor
371,Escuchar más al empleado,lo mejor
372,Capacita a su personal para prestar la mejor atención y experiencia al cliente,lo mejor
373,Es una empresa con gran trayectoria y muy posicionada en el mercado.,lo mejor
374,tiene una excelente trayectoria y posicionamiento,lo mejor
375,su calidad humana,lo mejor
376,Calidad humana y beneficios,lo mejor
377,telento humano,lo mejor
378,La calidad de las personas,lo mejor
379,Talento humano,lo mejor
380,Pagos muy puntuales y beneficios contractuales,lo mejor
381,Trabajo en equipo,lo mejor
382,buen clima laboral,lo mejor
383,Una excelente empresa.,lo mejor
384,La puntualidad,lo mejor
385,Trabajo en equipo,lo mejor
386,Su responsabilidad,lo mejor
387,Excelente trato y remuneración hacia los colaboradores de la caja,lo mejor
388,La amabilidad de los colaboradores,lo mejor
389,Constante capacitacion,lo mejor
390,EL BUEN AMBIENTE LABORAL,lo mejor
391,Puntuales en sus pagos .. oportunidad de crecer laboralmente.,lo mejor
392,"muy buen ambiente laboral, y muy profesionales",lo mejor
393,El conocimiento y oportunidad que brindan a personas que apenas van adquirir experiencia laboral,lo mejor
394,Sus pagos puntuales,lo mejor
395,Son muy puntuales con los pagos y están atentos a los trabajadores,lo mejor
396,Salario,lo mejor
397,Beneficios de ley,lo mejor
398,Su gran empeño en el bienestar de los colaboradores. Conocimiento y oportunidad de crecer.,lo mejor
399,La cultura de mejoras continuas,lo mejor
400,Su humanidad,lo mejor
401,Es una empresa estable en ámbito laboral,lo mejor
402,Su cuidado sobre el medio ambiente,lo mejor
403,Ambiente laboral sano,lo mejor
404,la empresa en distancia de tiempo se encuentra a 1 hora de mi residencia.,lo mejor
405,SUS BENEFICIOS HACIA EL TRABAJADOR,lo mejor
406,Calidad humana,lo mejor
407,presta buen servicio a los clientes,lo mejor
408,Se preocupa por los empleados y es muy puntual en los pagos.,lo mejor
409,Puntualidad y enseñanza,lo mejor
410,Una empresa con un ámbito muy grande en generar empleo .,lo mejor
411,Los jefes son personas muy cordiales que saben dirigir un equipo de la mejor forma,lo mejor
412,Son puntuales en todo lo que tiene que ver con pagos cesantias,lo mejor
413,El buen ambiente laboral,lo mejor
414,Estabilidad laboral,lo mejor
415,Excelentes equipos de trabajo,lo mejor
416,El talento humano,lo mejor
417,La estabilidad laboral,lo mejor
418,Es una empresa donde se destaca por prestar un servicio oportuno y eficiente,lo mejor
419,Organización y la fuerza de trabajo. El crecimiento de la IPS en distintas ciudades de Colombia,lo mejor
420,"Cumplimiento, buen ambiente laboral",lo mejor
421,Trabajo sin dicrimacion de edad,lo mejor
422,La puntualidad en el pago de los sueldos,lo mejor
423,"Buen Ambiente laboral, Puntualidad en los pagos y muy atenta con él los sistemas de seguridad.",lo mejor
424,Oficios varios,lo mejor
425,Que es una buena empresa,lo mejor
426,Compromiso y lealtad,lo mejor
428,Su trabajo,lo mejor
429,Excelente compañía para crecimiento profesional,lo mejor
430,Talento,lo mejor
431,El buen comportamiento con sus trabajadores,lo mejor
432,"ambiente laboral, trabajo en equipo, el personal de recursos humanos se preocupa por los empleados",lo mejor
433,Estabilidad laboral,lo mejor
434,"crecimiento, humana y buena remuneración",lo mejor
435,Talento humano,lo mejor
436,El talento humano,lo mejor
437,Le dan mucha capacitación,lo mejor
438,Tecnologia de punta en todos los procesos y mejora continua. Brinda oportunidad a sus colaboradores.,lo mejor
439,"El ambiente laboral, el sueldo, jefe o supervisor, el area de talentos humano",lo mejor
440,"Aprendizaje, flexibilidad, éxito e inclusión.",lo mejor
441,Calidad Humana,lo mejor
442,Capital humano,lo mejor
443,flexibilidad horarios,lo mejor
444,Su talento humano y el conocimiento técnico de todo el equipo.,lo mejor
445,talento humano,lo mejor
446,"Prestaciones, beneficios, metas, objetivos",lo mejor
447,Comodidad y buen ambiente.,lo mejor
448,El salario,lo mejor
449,"Su nivel de responsabilidad, eficiencia, compromiso y amabilidad para con los clientes.",lo mejor
450,Buen ambiente Laboral,lo mejor
451,El talento humano,lo mejor
452,el talento humano de toda la compañía es muy bueno,lo mejor
453,Es buena,lo mejor
454,El talento humano. Acompañamiento profesional.,lo mejor
455,Muy cumplida en condiciones salariales,lo mejor
456,Su compromiso con sus colaboradores.,lo mejor
457,"Compañerismo, garantías prestacionales y salariales",lo mejor
458,El talento humano,lo mejor
459,El Aprendizaje,lo mejor
460,"1.El talento humano,",lo mejor
461,cumplimiento,lo mejor
462,Una de las mejores eps del pais con mas de 30 años en el sector salud.,lo mejor
463,El ambiente laboral es muy bueno,lo mejor
464,Responsabilidad social para quien hacemos lo que hacemos.,lo mejor
465,"Bienestar social, intelectual, innovación cultural, la diversidad de áreas para una misma meta.",lo mejor
466,El talento humano es muy excelente,lo mejor
467,Que tiene experiencia en atención al paciente,lo mejor
468,Todo,lo mejor
469,Su cumplimiento,lo mejor
470,"SU GENTE, ES MUY AMABLE, CORDIAL,",lo mejor
471,Cumplidos,lo mejor
472,oportuna respuesta y solucion a cualquier eventualidad,lo mejor
473,Su ambiente laboral y flexibilidad en horarios y ubicacion de trabajo,lo mejor
474,Calidad humana,lo mejor
475,Talento humano,lo mejor
476,El ambiente laboral,lo mejor
477,Ambiente laboral,lo mejor
478,Todos los beneficios que dan y la oportunidad de crecer,lo mejor
479,Ambiente Laboral,lo mejor
480,Excelente trato humano y buen ambiente laboral,lo mejor
481,Las oportunidades que le dan a los trabajadores,lo mejor
482,Muy buena,lo mejor
483,Como empleado tiene la oportunidad de estudiar,lo mejor
484,el trabajo en equipo,lo mejor
485,Prima extra legal a final de año. Beneficios para las familias de los colaboradores.,lo mejor
486,axulios de alimentacion,lo mejor
487,"pago puntual, casino, ruta , bonificacion de fin de año excelente",lo mejor
488,su compromiso,lo mejor
489,Excelentes beneficios para empleados y sus familiares,lo mejor
490,excelente ambiente laboral,lo mejor
491,Servicio Amable,lo mejor
492,Su calidad humanda,lo mejor
493,El excelente ambiente laboral,lo mejor
494,La calidad humana y puntualidad de pago de nómina,lo mejor
495,Comprometidos,lo mejor
496,Su compromiso con el bienestar de sus empleados.,lo mejor
497,Es una empresa con una gran experiencia a nivel nacional y una marca a nivel mundial ya que es un ag,lo mejor
498,Es muy familiar,lo mejor
499,Horarios más flexibles,lo mejor
500,El manejo de los clientes,lo mejor
501,La asignación salarial y el cumplimiento,lo mejor
502,Que tenga en cuenta las hojas de vida de los que trabajamos ahí.,lo mejor
503,"Excelente calidad humana y muy buen salario, estabilidad laboral.",lo mejor
504,Excelente empresa con un ambiente laboral y salario,lo mejor
505,El recurso humano,lo mejor
506,pago puntual beneficios para los empleados oportunidad de crecimiento,lo mejor
507,Empatia con sus trabajadores,lo mejor
508,El clima laboral,lo mejor
509,La calidez de las personas y el trato hacia los trabajadores,lo mejor
510,El buen pago,lo mejor
511,"Buen ambiente, historía que genera sentido de pertenencia por la empresa.",lo mejor
512,Ambiente laboral,lo mejor
513,La calidad de sus productos,lo mejor
514,Es una industria biotecnolgóica,lo mejor
515,Calidez humana,lo mejor
516,"Valora las idea de mejora y las pone en practica, buen ambiente laboral",lo mejor
517,la estabilidad laboral y el ambiente laboral,lo mejor
518,Aseo,lo mejor
519,Su desempeño,lo mejor
520,"el compromiso, la ejecución de la diferentes obras y el grupo de personal tanto administrativo y op",lo mejor
521,"Muy buena empresa en el sentido que es exigente, pero muy responsable y respetuosa con los trabajado",lo mejor
522,Buen rendimiento empresarial y productividad.,lo mejor
523,Me gustaria trabajar con ella,lo mejor
524,Trato a sus empleados,lo mejor
525,Son amigables con el ambiente y dan muchas oportunidades y beneficios,lo mejor
526,Calidad humana,lo mejor
527,El esforzarse por sentir bien al trabajador,lo mejor
528,El ambiente laboral,lo mejor
529,Su personal de recursos humanos,lo mejor
530,Solidaria e innovadora,lo mejor
531,"El ambiente laboral, las oportunidades para crecer",lo mejor
532,Las actividades que realizan en las fechas especiales,lo mejor
533,Los salarios para el cargo son muy bajos,lo mejor
534,Talento humano,lo mejor
535,"Calidad, excelencia en los productos de ofrece",lo mejor
536,Q dan muchas oportunidades de progreso,lo mejor
537,Talento humano,lo mejor
538,pagos oportunos oportunidad de trabajo sin experiencias,lo mejor
539,Estabilidad laboral,lo mejor
540,El trato digno al colaborador,lo mejor
541,Estabilidad laboral,lo mejor
542,El talento humano del asesor,lo mejor
543,El impacto positivo que deja para mejorar el medio ambiente,lo mejor
544,Es una empresa solida con una visión de crecimiento constante,lo mejor
545,Los jefes,lo mejor
546,Buen cumplimiento laboral,lo mejor
547,La calidad de personas que trabajan en la empresa,lo mejor
548,Su desempeño en salir adelante,lo mejor
549,Su interes por la calidad de vida de sus trabajadores,lo mejor
550,"Líderes muy humanos, excelentes beneficios extra legales",lo mejor
551,Mejor a los empleados,lo mejor
552,"La sensibilización, la comunicación y el lenguaje posibilista",lo mejor
553,Destacaría principalmente el compañerismo de cada área correspondiente,lo mejor
554,los ideales y el cumplimiento con las remuneraciones de sus empleados,lo mejor
555,Su talento humano,lo mejor
556,"El talento humano, y la calidad de personas",lo mejor
557,El ambiente laboral y la calidad humana.,lo mejor
558,Valora los trabajadores,lo mejor
559,"Integridad, calidez y experticia",lo mejor
560,su personal se preocupa por los colaboradores ...,lo mejor
561,Excelente prosedencia y estabilidad,lo mejor
562,El compañerismo y el buen trato,lo mejor
563,Si excelente ambiente laboral,lo mejor
564,El buen ambiente laboral,lo mejor
565,El equipo de trabajo,lo mejor
566,La oportunidad de trabajar y aprender.,lo mejor
567,Estabilidad laboral,lo mejor
568,Salario emocional,lo mejor
569,"salario, bienestar laboral",lo mejor
570,los apoyos de ofrecen,lo mejor
571,la calidad humana de los directivos,lo mejor
572,prestaciones extralegales,lo mejor
635,Nada,a mejorar
636,los rangos de los salarios,a mejorar
637,"mayor participación de todas las áreas en ideas de mejoras, implementación de TPM",a mejorar
638,Horarios,a mejorar
639,Horarios más rotativos,a mejorar
641,Los horarios,a mejorar
642,la comunicación,a mejorar
643,Estabilidad laboral,a mejorar
644,Enfocarse más en la parte humana de la empresa.,a mejorar
645,NADA,a mejorar
646,Apoyan el crecimiento laboral y personal.,a mejorar
647,Que oferten más variedad de servicios,a mejorar
648,los salarios,a mejorar
649,Ninguno,a mejorar
650,No trabajar domingo ya que es para la familia,a mejorar
651,no hay cafeteria,a mejorar
652,todo paea mi esta perfecto y como ko tengo hijos los horarios que sean estan perfectos,a mejorar
653,El engranaje de las áreas.,a mejorar
654,Todo esta genial,a mejorar
655,Podría ser más flexible con los horarios,a mejorar
656,Flexibilizar horarios,a mejorar
657,Planes estratégicos,a mejorar
658,mejora en desarollo laboral,a mejorar
659,Las metas de cumplimiento y el valor de los productos,a mejorar
660,Las comisiones,a mejorar
661,que el salario sea igual para un mismo cargo,a mejorar
662,la parte salarial,a mejorar
663,Gratitudes a empleados para motivación de hacer sentir al empleado como parte de la familia.,a mejorar
664,Na.,a mejorar
665,"hacer un mayor seguimiento, brindar beneficios econocmicos y de ambiente laboral a los empleados",a mejorar
666,"Hablaría más con los colaboradores de obra, los cuestionaria en cuanto al ambiente laboral",a mejorar
667,Los horarios,a mejorar
668,dar mas oportunidades de crecimiento laboral,a mejorar
669,Que ledierar oportunidad alos desempleados,a mejorar
670,tipo de contrato,a mejorar
671,Presion,a mejorar
672,Plan carrera,a mejorar
673,Los horarios de trabajo,a mejorar
674,Sus aliados,a mejorar
675,NADA,a mejorar
676,un tiempo mas extenso para las capacitaciones.,a mejorar
677,Nada,a mejorar
678,Mas contacto con los trabajadores.,a mejorar
679,Salario,a mejorar
680,Cobertura Nacional,a mejorar
681,NA,a mejorar
682,"Evaluación del trabajo de los colaboradores, así como hay personas que trabaja hay otras que no",a mejorar
683,el clima organizacional,a mejorar
684,Mayor oportunidad de crecimiento en la organizacion.,a mejorar
685,Avances tecnológicos,a mejorar
686,Flexibilidad en los horarios,a mejorar
687,Que fueran más flexibles con horarios y más humanos con los empleados ..,a mejorar
688,El salario,a mejorar
689,Flexibilidad laboral,a mejorar
690,salario,a mejorar
691,Las oportunidades para los practicantes.,a mejorar
692,Horario laboral,a mejorar
693,Nada.,a mejorar
694,La localidad que esté en Jamundí,a mejorar
695,procesos complicados,a mejorar
696,El tipo de contratación,a mejorar
697,Nada relevante,a mejorar
698,Mejores salarios o mas horas de trabajo,a mejorar
699,Podrían apertura más vacantes,a mejorar
700,Ser escuchado,a mejorar
701,la tecnologia,a mejorar
702,Esta bien,a mejorar
703,pues hasta el momento nada,a mejorar
704,Laborar en la empresa,a mejorar
705,Ampliación de su.eps,a mejorar
706,nada,a mejorar
707,Está muy bien así como está,a mejorar
708,Mejores beneficios económicos (salario).,a mejorar
709,El sueldo,a mejorar
710,Flexibilidad en ubicación de empleados en tiendas.,a mejorar
711,Algunos dirigentes que toman malas decisiones y no valoran el trabajo de los empleados.,a mejorar
712,Estabilidad,a mejorar
713,Las oportunidades para estudiar,a mejorar
714,El ambiente de trabajo con los compañeros,a mejorar
715,que aprendan a escuchar al empleado,a mejorar
716,Nada,a mejorar
717,Todo,a mejorar
718,El empleo,a mejorar
719,Los salarios,a mejorar
720,incentivar al trabajador en días conmemorativos,a mejorar
721,Horarios un poco mas flexibles al momento de presentarse una eventualidad.,a mejorar
722,Ser más flexibles con el horario.,a mejorar
723,Mejoraria un poco el horario con los empleados,a mejorar
724,contratos laborales,a mejorar
725,Las políticas,a mejorar
726,atencion de los asesores,a mejorar
727,Nada de que hablar,a mejorar
728,El tipo de contrato,a mejorar
729,Mi rendimiento mejor trabajo,a mejorar
730,Aun no se como marcha todo en ella pero me gustaria aprender,a mejorar
731,HORARIOS,a mejorar
732,Si,a mejorar
733,Yo creo que nada es una empresa muy completa.,a mejorar
734,Que los horarios sean normales,a mejorar
735,La rotación,a mejorar
736,Mayores prestaciones,a mejorar
737,NA,a mejorar
738,Compañerismo,a mejorar
739,Mejoraría que nos falta más procesos digitales para atender más rápido a los clientes,a mejorar
740,el tipo de vinculación contractual dado que tiene clausula presuntiva a los 6 meses.,a mejorar
741,valoración para el sector humano.,a mejorar
742,oportunidad de crecimiento,a mejorar
743,Ampliar los procesos administrativos en las regionales.,a mejorar
744,"Asignación básica en algunos cargos, la oportunidad de asceso y superación en ótras áreas.",a mejorar
745,Implementar mejoras en instalaciones y equipos,a mejorar
746,Los turnos que fueron más flexibles,a mejorar
747,Escuchar más al personal,a mejorar
748,Es seguir ofreciendo valor a sus clientes y accionistas.,a mejorar
749,la personalidad de la persona,a mejorar
750,Podría brindar mas oportunidades de permanecer mas tiempo en la empresa,a mejorar
751,Instalaciones.,a mejorar
752,Ambiente laboral,a mejorar
753,N/A,a mejorar
754,Tener presente a los empleados que se encuentran por temporal.,a mejorar
755,"La comunicación, acercamiento, calidad humana.",a mejorar
756,dia descansa el domingo,a mejorar
757,El trato especificamente en el area comercial.,a mejorar
758,Automatizar procesos operativos,a mejorar
759,Oportunidad de crecimiento dentro de la organización para sus empleados,a mejorar
760,Los lugares,a mejorar
761,sería manejo a nivel general los índices de desempeño para brindar más acompañamiento a los nuevos,a mejorar
762,que en las convocatorias no haya tanto favoritismo que siempre destaque la meritocracia,a mejorar
763,Los salarios para el personal nuevo,a mejorar
764,Si,a mejorar
765,Deberían mirar cumplimientos y antigüedad para ascensos no solo conveniencia.,a mejorar
766,Horario,a mejorar
767,Creo que la empresa debería mejor el pago,a mejorar
768,Capacidad de evaluar mejor a sus colaboradores.,a mejorar
769,Más atención a la parte humana.,a mejorar
770,deberia ser mas flexible en los horarios,a mejorar
771,Oportunidad de crecer,a mejorar
772,No encuentro nada para mejorar,a mejorar
773,"no hay horario libre para la cafetería, solo funciona al medio día",a mejorar
774,"Es excelente empresa tecnológica, nada que agregar",a mejorar
775,Esta super bien,a mejorar
776,Acompañamiento y mas oportunidad y entendimiento para las personas nuevas,a mejorar
777,Me gusta todo en general.,a mejorar
778,Calidad humana de los directivos,a mejorar
779,los salarios,a mejorar
780,"El personal encargado de las oficinas, se nota falta de compromiso y profesionalismo",a mejorar
781,"No tendría mucho que mejorar, lo unico sería sus salarios para auxiliales, de resto tiene todo",a mejorar
782,No le cambiaría nada,a mejorar
783,Nada,a mejorar
784,Ser más flexible con el trabajador,a mejorar
785,La atención al cliente,a mejorar
786,Publicidad,a mejorar
787,No hay descanso para tomar cafe,a mejorar
788,todo de lo que mas pueda,a mejorar
789,nada es bna,a mejorar
790,Todo a su tiempo,a mejorar
791,algunos lideres,a mejorar
792,Flexibilidad con el horario,a mejorar
793,El tiempo como recurso ha estado mejorando pero puede seguir brindando espacios de integración.,a mejorar
794,El plan carrera y el sistema de gestión de la cartera de los clientes castiga mucho las comisiones,a mejorar
795,el entrenamiento,a mejorar
796,Es muy buena pero Hay un tope de horas,a mejorar
797,Apertura al teletrabajo,a mejorar
798,Incentivar de una mejor manera,a mejorar
799,Que las personas podamos avanzar ya que tenemos estudios,a mejorar
800,Flexibilidad de horario,a mejorar
801,"Realmente es una empresa muy integra, que lo único que mejoraría es su expansión en el mercado Colom",a mejorar
802,El salario.,a mejorar
803,La comunicación con mercadeo,a mejorar
804,Igualdad entre empleados del mismo rango,a mejorar
805,horarios flexibles,a mejorar
806,Acompañar el crecimiento personal y profesional del empleado,a mejorar
807,oportunidad de crecimiento,a mejorar
808,Nada en el momento,a mejorar
809,Los Salarios,a mejorar
810,Por el momento siento que todo esta muy bien,a mejorar
811,Por el momento nada ya que es una empresa líder,a mejorar
812,implementar un plan carrera,a mejorar
813,oportunidades laborales para los profesionales,a mejorar
814,Un poco más de flexibilidad de los horarios para poder estudiar,a mejorar
815,Podria ser mas flexible con los horarios,a mejorar
816,LOS SALARIOS A MANDOS MEDIOS,a mejorar
817,El salario,a mejorar
818,"los descansos, los horarios son muy extensos",a mejorar
819,Más compromiso de los trabajadores para trabajar en equipo,a mejorar
820,"Horarios, calidad humana",a mejorar
821,Relaciones interpersonales,a mejorar
822,"Nada, que sigan promocionando la mejora continua",a mejorar
823,Su organización en el ámbito logístico le falta ya q en muchas ocasiones se requiere hacer reproceso,a mejorar
824,Nada,a mejorar
825,"por el momento, el tener en cuenta mis conocimientos la momento de tomar decisiones.",a mejorar
826,LA RUTINA,a mejorar
827,La localidad que esté en Jamundí,a mejorar
828,procesos complicados,a mejorar
829,El tipo de contratación,a mejorar
830,Nada relevante,a mejorar
831,Mejores salarios o mas horas de trabajo,a mejorar
832,Podrían apertura más vacantes,a mejorar
833,Ser escuchado,a mejorar
834,El tipo de contrato y que hubieras más oportunidades de ascensos.,a mejorar
835,n/a,a mejorar
836,El tema del parqueadero para los trabajadores,a mejorar
837,el contracto laboral,a mejorar
838,La auditoría y contratación con las IPS,a mejorar
839,Nada todo excelente,a mejorar
840,Son pues empresa,a mejorar
841,Dar más calidad de vida y laboral y dar oportunidad de más experiencias para progresar.,a mejorar
842,Si,a mejorar
843,El espacio del lugar de trabajo,a mejorar
844,No le mejoraría nada.,a mejorar
845,En hora laboral responsable,a mejorar
846,Ser más flexible con los horarios,a mejorar
847,Nada,a mejorar
848,la empresa viene por buen camino,a mejorar
849,Ambiente laboral,a mejorar
850,No tengo queja,a mejorar
851,Que nos dejen estudiar,a mejorar
852,NA,a mejorar
853,nada todo es lo maximo,a mejorar
854,ninguno,a mejorar
855,beneficios extralegales y salario,a mejorar
856,flexibilidad,a mejorar
857,Ampliacion de la infraestructura,a mejorar
858,El ambiente laboral,a mejorar
859,Todo me parece adecuado.,a mejorar
860,Contrato,a mejorar
861,Horarios,a mejorar
862,El trato hacia los trabajadores,a mejorar
863,"Nada en lo absoluto, es una empresa con un amplio reconocimiento en el sector de la construcción.",a mejorar
864,Comida,a mejorar
865,n/a,a mejorar
866,Los procesos Administrativos,a mejorar
867,oportunidad de crecimiento,a mejorar
868,Ampliar los procesos administrativos en las regionales.,a mejorar
869,"Asignación básica en algunos cargos, la oportunidad de asceso y superación en ótras áreas.",a mejorar
870,Flexibilidad de horario,a mejorar
871,No tiene nada que mejorar,a mejorar
872,No está en su estadística excelente,a mejorar
873,La parte de distribución,a mejorar
874,"LOS SITIOS DE ALIMENTACIÓN ES COMPARTIDAS,Y LA EMPRESA EN SI ES MUY CALUROSA, MAS BENEFICIOS.",a mejorar
875,no hay un fondo de empleados,a mejorar
876,Los salarios,a mejorar
877,Mayor rotación,a mejorar
878,Internamente tener mayor aprovacion con los clientes,a mejorar
879,Nada,a mejorar
880,Salario y cargo,a mejorar
881,No cambiar tanto las políticas internas,a mejorar
882,Equipos de computo,a mejorar
883,Todo esta perfecto,a mejorar
884,Esta el momento nada,a mejorar
885,la falta de equipos mas técnicos,a mejorar
886,Salarios muy bajos,a mejorar
887,salario,a mejorar
888,El maltrato de algunos directores (as) de area y acoso laboral,a mejorar
889,nada,a mejorar
890,salario,a mejorar
891,Salarios,a mejorar
892,Horarios más flexibles,a mejorar
893,Horarios,a mejorar
894,"Horarios de atención, para que sus empleados tengan más tiempo para sus familias.",a mejorar
895,La posibilidad de hacer carrera esta opción no la hay y pues a veces uno quiere estudiar y es algo q,a mejorar
896,Las horas de recesos,a mejorar
897,Contrataría más personal administrativo,a mejorar
898,Más oportunidades de espacio para poder estudiar.,a mejorar
899,Ser más flexible con los horarios,a mejorar
900,La calidad de los gerentes,a mejorar
901,Amabilidad y humanidad,a mejorar
902,horarios muy extensos son muy exigentes en cuestión de dar una comisión,a mejorar
903,Más posibilidades de crecimiento en cuanto a lo administrativo.,a mejorar
904,Flexibilidad y actualización con nuevas tendencias tecnologicas del mundo.,a mejorar
905,Que le dieran oportunidad q los colabores de continuar después de el año,a mejorar
906,"Medir más las tareas en tiempos, mejorar tema salarial, tener un plan especifico de capacitación por",a mejorar
907,Horarios de trabajo,a mejorar
908,El desarrollo de sus trabajadores,a mejorar
909,Enfocaría los recursos a la estandarización de los procesos.,a mejorar
910,La planeación,a mejorar
911,Aseo y limpieza,a mejorar
912,Excelente,a mejorar
913,mejoraría la oportunidad de carrera. procesos internos y la evaluación de funciones y desempeños de,a mejorar
914,"Si, podría ser más flexible en los horarios",a mejorar
915,Exelente empresa,a mejorar
916,Tipo de contratación,a mejorar
917,Tener en cuenta la contratación de más personal,a mejorar
918,Los salarios,a mejorar
919,La logistica,a mejorar
920,Nada,a mejorar
921,Hay que evaluar la situación del mercado para entender temas de presupuestos,a mejorar
922,Podría ser mas flexibles con los horarios,a mejorar
923,Aumentar salarios de acuerdo a la profesión,a mejorar
924,El orden,a mejorar
925,Salario,a mejorar
926,Ajustes de salarios a cargos administrativos/coordinadores.,a mejorar
927,Acompañamiento por parte del personal más capacitado,a mejorar
928,Las solicitudes de los empleados,a mejorar
929,Si más flexible en los horario,a mejorar
930,Capacitar más al personal para evitar accidentes laborales y mejorar salario en siertas áreas,a mejorar
931,Permitir a los empleados tener la oportunidad de crecer laboral y profesionalmente dentro de ella,a mejorar
932,El ambiente,a mejorar
933,Mas vida social,a mejorar
934,Los procesos del área de talento humano,a mejorar
935,Nada,a mejorar
936,Automatizar procesos operativos,a mejorar
937,Oportunidad de crecimiento dentro de la organización para sus empleados,a mejorar
938,Los lugares,a mejorar
939,sería manejo a nivel general los índices de desempeño para brindar más acompañamiento a los nuevos,a mejorar
940,que en las convocatorias no haya tanto favoritismo que siempre destaque la meritocracia,a mejorar
941,Los salarios para el personal nuevo,a mejorar
942,Podrías mejorar los horarios,a mejorar
943,una oportunidad mas estable al colaborador,a mejorar
944,No,a mejorar
945,Podría ser más flexibles con los horarios,a mejorar
946,Más colaboración para el empleado,a mejorar
947,Dar una clase de incentivo al personal para que se animen a trabajar aquí,a mejorar
948,La evolución de los procesos,a mejorar
949,Ninguna,a mejorar
950,promoción de empleados,a mejorar
951,todo esta bien,a mejorar
952,la comunicacion,a mejorar
953,nada,a mejorar
954,Excelente,positivo
955,"Una empresa que ofrece muchas oportunidades de crecimiento y formación de su comunidad laboral, además de grandes beneficios laborales.",positivo
956,"Es una muy buena empresa con calidad de gente, apoyan mucho al empleado y brindan gran aprendizaje en diferentes campos",positivo
957,Excelente,positivo
958,Es una buena empresa,positivo
959,Responsable,positivo
960,Empresa comprometida con la calidad en productos y servicios de postventa. Un lugar estable para trabajar ya que el compromiso social irradia al cliente interno y externo.,positivo
961,Excelente,positivo
962,"Excelente empresa, gran estabilidad.",positivo
963,Excelente,positivo
964,"Una empresa que ofrece muchas oportunidades de crecimiento y formación de su comunidad laboral, además de grandes beneficios laborales.",positivo
965,"Es una muy buena empresa con calidad de gente, apoyan mucho al empleado y brindan gran aprendizaje en diferentes campos",positivo
966,Excelente,positivo
967,Es una buena empresa,positivo
968,Responsable,positivo
969,Empresa comprometida con la calidad en productos y servicios de postventa. Un lugar estable para trabajar ya que el compromiso social irradia al cliente interno y externo.,positivo
970,Excelente,positivo
971,"Excelente empresa, gran estabilidad.",positivo
972,Excelente,positivo
973,"Una empresa que ofrece muchas oportunidades de crecimiento y formación de su comunidad laboral, además de grandes beneficios laborales.",positivo
974,"Es una muy buena empresa con calidad de gente, apoyan mucho al empleado y brindan gran aprendizaje en diferentes campos",positivo
975,Excelente,positivo
976,Es una buena empresa,positivo
977,Responsable,positivo
978,Empresa comprometida con la calidad en productos y servicios de postventa. Un lugar estable para trabajar ya que el compromiso social irradia al cliente interno y externo.,positivo
979,Excelente,positivo
980,"Excelente empresa, gran estabilidad.",positivo
981,Excelente,positivo
982,"Una empresa que ofrece muchas oportunidades de crecimiento y formación de su comunidad laboral, además de grandes beneficios laborales.",positivo
983,Excelente,positivo
984,Es una buena empresa,positivo
985,Es una empresa dedicada al público y a su producto,positivo
986,excelente empresa para trabajar,positivo
987,Buenos Beneficios Y Oportunidad De Crecer,positivo
988,"Estabilidad laboral, oportunidades de ascenso",positivo
989,"El ambiente es bueno, me gusta que es una buena empresa",positivo
990,"Es una excelente empresa, existe una gran flexibilidad y un buen ambiente laboral",positivo
991,Muy buena empresa en el trato,positivo
992,"Excelente clima laboral, horarios flexibles, buen salario, mucha formación, buenos beneficios",positivo
993,"Trabajando con ellos me han granizado estabilidad laboral y económica, la considero una de las mejores empresas en las cuales e tenido el honor de trabajar.",positivo
994,Una empresa que da muchas oportunidades a las personas y jóvenes en especial.,positivo
995,Una empresa muy buena con mujeres llenas de amor,positivo
996,Buena,positivo
997,buena empresa responsable buen trato cumple con las normas,positivo
998,ofrecen gran variedad de empleo y buena calidad son grandes personas cumplidos con a la hora de pagar buen arl,positivo
999,es una compañía muy seria en procesos y lineamientos,positivo
1000,Excelente empresa,positivo
1001,"Muebles Jamar es una excelente empresa, con un cliente laboral muy bueno, con excelentes lideres que te ayudan a crecer en la parte profesional y personal muy recomendada",positivo
1002,"Excelente empresa, oportunidades de crecimiento y beneficios para sus empleados.",positivo
1003,Se logra apreciar un buen ambiente y buenos tratos para sus empleados,positivo
1004,excelente empresa,positivo
1005,Muy buen lugar para trabajar,positivo
1006,Una empresa muy buena,positivo
1007,excelente,positivo
1008,Empresa de Tecnología con buena capacidad de aprendizaje,positivo
1009,"Es una muy buena empresa, sólo que han habido muchos cambios y el ambiente laboral se puso muy tenso.",positivo
1010,Muy buena son una familia increíble,positivo
1011,es una gran empresa en todos los aspectos,positivo
1012,Es una buen empresa,positivo
1013,excelente compañia,positivo
1014,Excelente compañia y compañeros,positivo
1015,"Es una empresa con excelentes beneficios para el empleado, con una cultura organizacional muy interesante, más que un trabajo es una cultura de valores",positivo
1016,Es una excelente empresa,positivo
1017,"Excelente empresa, me ayudado con una formación mayor en el área comercial obteniendo niveles dentro de la misma para mayor sueldo",positivo
1018,EXCELENTE,positivo
1019,Excelente ambiente y grupo de trabajo,positivo
1020,Una gran empresa en la cual pude aprender cosas nuevas muy inovadora.,positivo
1021,"Es una empresa excepcional, tienes buenas personas como trabajadores, excelente ambiente laboral y entre otras cualidades que destacan como la preocupación por tu salud, etc.",positivo
1022,"es una empresa con un cultura organizacional definida, direccionamiento estrategico retador con valores humanos",positivo
1023,En general es una excelente empresa aporta muchos beneficios para sus trabajadores.,positivo
1024,Excelente empresa,positivo
1025,Empresa que piensa mucho en el bienestar de los empleados,positivo
1026,"es una empresa muy ordenada con normas muy correctas, jefes excelentes y muy sociables",positivo
1027,Empresas reconocidas en el sector de empaques plástico con muchos años de trayectoria a nivel nacional y mundial que se proyecta cada vez más en el mercado de los empaques para alimentos,positivo
1028,La mejor escuela de flexografia y para aprender artes graficas.,positivo
1029,Muy buena empresa excelente para oportunidades,positivo
1030,pagos puntuales.,positivo
1031,Excelente empresa se preocupa por sus trabajadores,positivo
1032,Es una empresa muy seria que brida calidad humana a sus pacientes,positivo
1033,Una empresa llena dé oportunidades y enseñanzas,positivo
1034,excelente empresa,positivo
1035,Buen ambiente laboral y buen manejo de las herramientas,positivo
1036,pues la verdad no tengo nada que poner apenas estoy empezando,positivo
1037,"Excelente, muy buena organización",positivo
1038,Buena empresa en concepto de beneficios.,positivo
1039,Buen ambiente laboral,positivo
1040,Excelente empresa,positivo
1041,Excelente compañía.,positivo
1042,la empresa es muy organizada capacitación constante con el empleado reta mucho al empleado,positivo
1043,"Buena empresa para adquirir conocimiento en moda , el pago es muy bueno",positivo
1044,Muy buena empresa con alto enfais en la mejora del equipo,positivo
1045,"Buena empresa, brinda oportunidades de crecimiento y es muy buena escuela en cuanto a procesos.",positivo
1046,En general es una buena empresa,positivo
1047,buena oportunidades para tener estabilidad laboral y economia,positivo
1048,Es una muy buena entidad que facilita el trabajo en campo y digital,positivo
1049,excelente,positivo
1050,excelente compañía,positivo
1051,GREAT PLACE TO WORK,positivo
1052,Exelente empresa me sentiría orgulloso de trabajar en ella,positivo
1053,Excelente en oportunidades para crecimiento personal y profesional,positivo
1054,Excelente oportunidad,positivo
1055,Buena empresa me gusta trabaje hay quiero volver a trabajar con Ustedes,positivo
1056,Exelente empresa lo mejor quiero trabajar para salir adelante,positivo
1057,Excelente ambiente laboral. Excelentes beneficios. Capacidad de crecimiento profesional,positivo
1058,Calidad humana,positivo
1059,"Excelente empresa con grandes oportunidades para sus trabajadores,se maneja un buen ambiente de trabajo y muy puntual es sus pagos.",positivo
1060,Una empresa excelente para trabajar y adquirir conocimiento,positivo
1061,Excelente empresa,positivo
1062,Es una excelente empresa que ofrece muchas oportunidades de crecer en conocimiento todos los días.,positivo
1063,"La empresa donde trabajo es un lugar maravilloso donde conocemos las personas mas vulnerables de nuestro municipio con el fin de explicar, ayudar e incluso asesorar en los. Procesos que los ayuden a fortalecer su economía y la de sus familiares.",positivo
1064,Es una escuela impresionante para formar comerciales del sector financiero.,positivo
1065,Muy buen pago,positivo
1066,buena empresa se preocupa por los colaboradores,positivo
1067,"Empresa solida, con sostenimiento e interés por el capital humano donde sus usuarios son la razón de ser",positivo
1068,excelente,positivo
1069,La mejor EPS del pais,positivo
1070,"Excelente empresa, se aprende mucho",positivo
1071,buenos beneficios,positivo
1072,Excelente,positivo
1073,Muy buena,positivo
1074,Buenas oportunidades,positivo
1075,"Una buen empresa, en temas de beneficios y oportunidades para adquirir experiencia",positivo
1076,"Es muy buena empresa que considera mucho a las empleados, con muy buenos ambientes laborales.",positivo
1077,Es una excelente empresa donde buscan promover a sus trabajadores para continuar creciendo en sus estudios y experiencia.,positivo
1078,Excelente empresa.,positivo
1079,EXCELENTE COMPAÑIA,positivo
1080,Comfama es una empresa que propicia bienestar mental a sus trabajadores.,positivo
1081,"Considero que es una excelente empresa, solo que falta más apoyo para el crecimiento laboral y profesional de los empleados",positivo
1082,excelente empresa,positivo
1083,Es una buena empresa y es recomendable para trabajar otras personas,positivo
1084,Excelente posibilidad de comprender mas la dinámica del sector desde lo social,positivo
1085,Excelente empresa.,positivo
1086,"Una excelente compañía, gran conexión con sus empleados.",positivo
1087,Buena empresa,positivo
1088,Exelente,positivo
1089,Excelente empresa.,positivo
1090,Excelente ambiente laboral,positivo
1091,es una buena empresa,positivo
1092,"Excelente empresa, con muy buenos beneficios laborales y maravillosos equipos de trabajo",positivo
1093,Es una excelente empresa donde complementas y aprendes mas de los conocimientos adquiridos en la Universidad,positivo
1094,"Integridad, Empatía, Cuidado al empleado, responsabilidad, excelente empresa, cumplidos con la nómina, auto desarrolladores. Notable empresa de tecnología.",positivo
1095,"Buena empresa, en ella podras adquirir muchos conocimientos",positivo
1096,"Una empresa con un gran trabajo en equipo, seguridad y oportunidad de asenso.",positivo
1097,Excelente Empresa,positivo
1098,Excelente empresa,positivo
1099,Buen ambiente laboral,positivo
1100,Es una excelente empresa,positivo
1101,"Es una empresa excelente, con muy buenos beneficios para sus empleados",positivo
1102,Excelente empresa en beneficios y equipo de trabajo,positivo
1103,Excelente empresa con la calificación The Best Place to Work.,positivo
1104,"La empresa es buena, sería bueno inspeccionar y estar más pendiente de los manejos que hacen nuestro jefes encargados",positivo
1105,Excelente,positivo
1106,Excelente,positivo
1107,Muy buena empresa con buenas oportunidades de crecimiento laboral,positivo
1108,Lo q mas me gusta es q aprendes a desemvolverte en todas las funciones de la empresa me gusta trabajar en super mercados Euros,positivo
1109,Me parece muy buena empresa para obtener más esperiencia en la parte lavar,positivo
1110,Carnicería picador y para despite mis cervicios al clinte me gustaría trabajar aqui,positivo
1111,"Muy buena en toda su atencion al cliente,buena abtitud y responsabilidad",positivo
1112,Me considero un persona con empatía servicial que tiene una buena disposición y se le hace fácil trabajar en equipo,positivo
1113,Buena,positivo
1114,Excelente empresa,positivo
1115,empresa con buenas condiciones laborales,positivo
1116,"Gran empresa, aprendizaje continuo, beneficios extra legales.",positivo
1117,buen lugar para trabajar,positivo
1118,Es maravillosa,positivo
1119,Maravillosa,positivo
1120,Excelente empresa,positivo
1121,Excelente,positivo
1122,Es una empresa que aporta y enriquece el conocimiento mediante capacitaciones y el día día se aprende algo nuevo. Trabajo en equipo. Vicio siempre a la mejora continua,positivo
1123,"Empresa con renombre, donde apoyan mucho las personas que desean estudiar, buenas prestaciones, en general, un buen lugar para trabajar",positivo
1124,Es una buena empresa,positivo
1125,La empresa es muy buena para trabajar,positivo
1126,Excelente,positivo
1127,Excelente,positivo
1128,"Muy familiar, humana, grandes seres humanos",positivo
1129,Excelente empresa que se preocupa por sus empleados y tiene un buen producto para la venta.,positivo
1130,"Empresa reconocida, muchos años de experiencia , empresa donde la gente le cree mucho, buen músculo financiero y reconocimiento.",positivo
1131,"Es una empresa organizada, capacita al personal, paga a tiempo, cumple con todas las responsabilidades legales, excelente ambiente de trabajo.",positivo
1132,Excelente,positivo
1133,"muy buena empresa, estabilidad laboral, clima laboral, cumplimiento en los pagos",positivo
1134,exelente,positivo
1135,Excelente empresa,positivo
1136,buena empresa,positivo
1137,Es una empresa donde tienen mucha calidad humana.,positivo
1138,Empresa muy buena,positivo
1139,Muy buena empresa,positivo
1140,Es una muy buena empresa,positivo
1141,Excelente empresa,positivo
1142,"EXCELENTE COMPAÑIA, PERO NECESITO PROYECTARME FINANCIERAMENTE HACIA UNA PENSION DIGNA",positivo
1143,Muy buena.,positivo
1144,es muy buena empresa,positivo
1145,Excelente empresa,positivo
1146,Una empresa con grandes oportunidades de crecer y muy buen ambiente laboral.,positivo
1147,"Demasiado buena, con mucha calidad humana y estable laboralmente",positivo
1148,Excelente compañía,positivo
1149,"Una buena empresa para trabajar,estable económica mente .varias cosas por cambiar pero en términos generales se puede trabajar.",positivo
1150,Muy buena empresa excelente para oportunidades,positivo
1151,pagos puntuales.,positivo
1152,Excelente empresa se preocupa por sus trabajadores,positivo
1153,Es una empresa muy seria que brida calidad humana a sus pacientes,positivo
1154,Una empresa llena dé oportunidades y enseñanzas,positivo
1155,Excelente empresa pago oportuno y capacitación constante,positivo
1156,muy buenas,positivo
1157,Excelente,positivo
1158,Destaco cierta estabilidad laboral que permite,positivo
1159,Excelente empresa,positivo
1160,La Mejor de Esta Empresa Quisiera Trabajar De Verdad Ayudeme,positivo
1161,Excelente ambiente laboral y buen trato a sus empleados y buen suelto que se ajusta a nuestras nesecidades. Día típico oficios varios Excelente con mis compañeros No hubo parte difícil Todo me gustó de la empresa Dirección : KR4,positivo
1162,Un días típico. En el trabajo Lo que aprendas & De mostrar lo k yo sé en el trabajo,positivo
1163,Buena empresa,positivo
1164,Es una empresa que deja huella,positivo
1165,Ecxente empresa con muchas oportunidad de avanzar.,positivo
1166,es muy buena empresa tiene un gran desarrollo y todo el potencia que tiene de crecimiento. es humana y buena remuneración salarial,positivo
1167,Excelente esmpresa .. en calidad humana . En crecimiento personal.,positivo
1168,Excelente empresa ...con excelente calidad humana piensa mucho en sus colaboradores super recomendada,positivo
1169,"Excelente compañía, muy buen ambiente laboral, grandes valores.",positivo
1170,"Demasiado humana, compañerismo, servicio, integra. excelente empresa",positivo
1171,Una Excelente compañia,positivo
1172,"Es una excelente empresa, con un gran factor humano, son muy flexibles y gran generador de oportunidades a nivel profesional.",positivo
1173,"Es una empresa en donde el crecimiento es constante, siempre retan a las personas a entregar su mejor visión. la innovación es constante, buscar proyectar los mejores profesionales y los retos de nuevos proyectos son constantes",positivo
1174,"La compañía es buena en los pagos, pero el ambiente laboral es algo pesado para ser una compañía en crecimiento con excelentes gerentes y subgerentes en la jerarquía.",positivo
1175,excelente empresa,positivo
1176,Excelente servicio recomendado muy buena asesoría por parte de los funcionarios encargados,positivo
1177,"Excelente, estoy feliz.",positivo
1178,Buena empresa,positivo
1179,Excelente,positivo
1180,Es una muy buena empresa,positivo
1181,Buena,positivo
1182,"Una buena empresa, crecimiento profesional, personal, buen clima laboral.",positivo
1183,buena empresa se preocupa por los colaboradores,positivo
1184,"Empresa solida, con sostenimiento e interés por el capital humano donde sus usuarios son la razón de ser",positivo
1185,excelente,positivo
1186,La mejor EPS del pais,positivo
1187,"Excelente empresa, se aprende mucho",positivo
1188,Excelente,positivo
1189,El ambiente laboral es muy bueno la recomiendo es una buena empresa aquieres muchas experiencias,positivo
1190,Una empresa excelente un buen trato con los empleados,positivo
1191,Es una empresa muy exigente para construir un futuro y le brindan todo lo de ley estere orgulloso de pertenecer a esta empresa,positivo
1192,buena,positivo
1193,Excelente empresa en todos los aspectos,positivo
1194,Excelente,positivo
1195,"Muy buena expresa, respaldo en a nivel nacional de muy alto prestigio",positivo
1196,Una empresa con excelente personal y ambiente laboral,positivo
1197,Buena oportunidad para trabajar.,positivo
1198,Una excelente empresa,positivo
1199,Es una empresa muy buena yo la rocomendaria a toda la poblacion colombiana y pues a mi me gustaria hacer parte de su equipo de trabajo.,positivo
1200,"Es una excelente empresa, es puntual con los pagos,",positivo
1201,Excelente lugar para trabajar,positivo
1202,excelente empresa para trabajar,positivo
1203,me encanta sociedad portuaria por su preocupación por sus trabajadores por qué cada día sean mejores en su labores diarias,positivo
1204,EXCELENTE LUGAR PARA TRABAJAR,positivo
1205,"Buena, cumple con las obligaciones del empleado.",positivo
1206,"Ecelente empresa, con buenos beneficios",positivo
1207,"Es una empresa excelente con una constante preocupación por el bienestar de sus empleados, atenta a su crecimiento personal y profesional",positivo
1208,"Calidad humana, servicio y desarrollo de equipos",positivo
1209,Una excelente empresa da oportunidad para crecer tanto personal como profesional y poder lograr metas y objetivos personales,positivo
1210,"Es una empresa que se preocupa por el bienestar de sus empleados, a pesar de la situación pais. Me ha brindado muchas oportunidades de aprendizaje profesional y personal.",positivo
1211,Buena,positivo
1212,Excelente empresa con oportunidad de crecimiento,positivo
1213,"Excelente empresa, organizada y enfocada al éxito.",positivo
1214,Excelente empresa,positivo
1215,Excelente empresa,positivo
1216,Muy buena empresa,positivo
1217,Buen ambiente laboral,positivo
1218,Excelente,positivo
1219,una muy buena compañia,positivo
1220,es una excelente empresa donde te brindan una estabilidad super buena y adquiere una experiencia muy grande,positivo
1221,Una empresa comprometida con la realización impecable de sus funciones y la creación de un ambiente laboral constructivo.,positivo
1222,Excelente oportunidades laborales con un fin de aprendizaje extraordinario,positivo
1223,"Excelente empresa,",positivo
1224,Excelente Ambiente laboral,positivo
1225,Es una empresa que brinda muchos beneficios,positivo
1226,Excelente,positivo
1227,Una muy buena empresa con un agradable ambiente laboral,positivo
1228,"Es una empresa muy reconocida y hay oportunidades para crecer, muy buen ambiente laboral",positivo
1229,"Estabilidad laboral, trato digno, muy cumplidos con el pago, respetan los derechos del trabajador, etc...",positivo
1230,Excelente empresa,positivo
1231,"Es buena empresa, puntual en sus pagos y ofrece estabilidad.",positivo
1232,excelente empresa,positivo
1233,"Espacio y Mercadeo es una empresa estable, con un ambiente de trabajo amable, puntual con sus pagos de nomina.",positivo
1234,Excelente,positivo
1235,Empresa con buena estabilidad laboral,positivo
1236,Buena,positivo
1237,"Agropecuaria San Fernando, se dedica a la elavoracion de grasas y harinas para la fabricación de cuidos para alimento animal, se caracteriza por ser una empresa comprometida con el medio ambiente y con la calidad humada para sus empleados.",positivo
1238,Exelente empresa,positivo
1239,Excelente ambiente laboral...Todas las prestaciones de ley,positivo
1240,Es una compañía excelente en lo referente al ambiente laboral.,positivo
1241,Comfama es una empresa que propicia bienestar mental a sus trabajadores.,positivo
1242,"Considero que es una excelente empresa, solo que falta más apoyo para el crecimiento laboral y profesional de los empleados",positivo
1243,excelente empresa,positivo
1244,Es una buena empresa y es recomendable para trabajar otras personas,positivo
1245,Excelente posibilidad de comprender mas la dinámica del sector desde lo social,positivo
1246,Es una empresa laboral mente excelente,positivo
1247,Calidad humana,positivo
1248,muy buena empresa,positivo
1249,Excelente empresa,positivo
1250,Excelente empresa,positivo
1251,"fue una expreriencia sorprendente, gracias de corazón por acogerme y tener el gusto de ser parte de esa gran familia",positivo
1252,"es una buena empresa, tiene mucha colaboración para su desarrollo de estudio.",positivo
